{"cameraMode":{"drawMode":0,"name":"Shaded","section":"Shading Mode"},"sceneLighting":false,"audioPlay":false,"sceneViewState":{"showFog":true,"showMaterialUpdate":false,"showSkybox":true,"showFlares":true,"showImageEffects":true,"showParticleSystems":true},"in2DMode":false,"pivot":{"x":0.0,"y":1.0848500728607178,"z":-0.3319999873638153},"rotation":{"x":-0.0038644392043352129,"y":-0.9559822082519531,"z":-0.012595265172421933,"w":0.29312849044799807},"size":0.36932823061943056,"orthographic":false}