{"cameraMode":{"drawMode":0,"name":"Shaded","section":"Shading Mode"},"sceneLighting":false,"audioPlay":false,"sceneViewState":{"showFog":true,"showMaterialUpdate":false,"showSkybox":true,"showFlares":true,"showImageEffects":true,"showParticleSystems":true},"in2DMode":false,"pivot":{"x":3.107779026031494,"y":0.4771803021430969,"z":-6.431506156921387},"rotation":{"x":-0.12372180074453354,"y":-0.2798909842967987,"z":0.03639807552099228,"w":-0.9513301849365234},"size":2.598856210708618,"orthographic":false}