{"cameraMode":{"drawMode":0,"name":"Shaded","section":"Shading Mode"},"sceneLighting":false,"audioPlay":false,"sceneViewState":{"showFog":true,"showMaterialUpdate":false,"showSkybox":true,"showFlares":true,"showImageEffects":true,"showParticleSystems":true},"in2DMode":false,"pivot":{"x":0.10109540820121765,"y":1.1891169548034669,"z":0.38070011138916018},"rotation":{"x":-0.027834633365273477,"y":-0.3957565426826477,"z":0.012000206857919693,"w":-0.9178551435470581},"size":1.2570381164550782,"orthographic":false}