{"cameraMode":{"drawMode":0,"name":"Shaded","section":"Shading Mode"},"sceneLighting":false,"audioPlay":false,"sceneViewState":{"showFog":true,"showMaterialUpdate":false,"showSkybox":true,"showFlares":true,"showImageEffects":true,"showParticleSystems":true},"in2DMode":false,"pivot":{"x":-3.63100004196167,"y":0.6578999757766724,"z":-2.197159767150879},"rotation":{"x":-0.2195277065038681,"y":-0.48652347922325137,"z":0.12776705622673036,"w":-0.8359295129776001},"size":0.28363847732543948,"orthographic":false}